{
    "Chini Socio": [
        "Los Aldeanos"
    ],
    "Suave - Tempera Vieja": [
        "La Cueva Mokoya",
        "Al2 El Aldeano",
        "Silvito El Libre"
    ],
    "Enchule": [
        "ICON",
        "Be\u00e9le",
        "Rios"
    ],
    "Amandote": [
        "Al2 El Aldeano"
    ],
    "Si Te Interesa": [
        "Be\u00e9le"
    ],
    "Nanae": [
        "Jay Menez",
        "Be\u00e9le"
    ],
    "Mesero": [
        "Chris Lebron"
    ],
    "SI ES AMOR": [
        "Danny Ocean"
    ],
    "Intro": [
        "Los Aldeanos"
    ],
    "Angelito": [
        "Ovy On The Drums",
        "Be\u00e9le",
        "Bad Milk"
    ]
}{
    "Followers": 3420731,
    "tempo": 116.59704285714288,
    "acousticness": 0.3207439999999999,
    "danceability": 0.5794571428571427,
    "energy": 0.5520999999999999,
    "instrumentalness": 0.019618823428571432,
    "liveness": 0.15485142857142858,
    "loudness": -9.53442857142857,
    "valence": 0.5736000000000001
}